VCLD4NTM3SPYBJSJ,https://www.flipkart.com/eureka-forbes-quick-clean-dx-dry-vacuum-cleaner/p/itmd4ntnhspfnbg5?pid=VCLD4NTM3SPYBJSJ&lid=LSTVCLD4NTM3SPYBJSJGZDOBY&marketplace=FLIPKART&spotlightTagId=BestsellerId_j9e%2Fabm%2Ful2&srno=s_1_1&otracker=search&fm=organic&iid=403dfda6-98f2-42ca-87a9-09c6cfdfa81a.VCLD4NTM3SPYBJSJ.SEARCH&ssid=kihy5lfilc0000001594354215032&qH=e64a90cec0cf961b,4.5,//img1a.flixcart.com/www/linchpin/fk-cp-zion/img/placeholder_9951d0.svg,"15,677 Ratings ","Dry Vacuum Cleaner,Motor Power: 1200 W","₹3,499","₹4,499",₹
VCLFNACTJY7XHFQW,https://www.flipkart.com/inalsa-ultra-wd10-wet-dry-vacuum-cleaner/p/itmd4fa0b6c56663?pid=VCLFNACTJY7XHFQW&lid=LSTVCLFNACTJY7XHFQWEVTJ6R&marketplace=FLIPKART&srno=s_1_9&otracker=search&fm=organic&iid=403dfda6-98f2-42ca-87a9-09c6cfdfa81a.VCLFNACTJY7XHFQW.SEARCH&ssid=kihy5lfilc0000001594354215032&qH=e64a90cec0cf961b,4.3,//img1a.flixcart.com/www/linchpin/fk-cp-zion/img/placeholder_9951d0.svg,199 Ratings ,"Wet & Dry Cleaner,Motor Power: 1000 W | Suction Power: 130 W,Wheels | Blower","₹4,449","₹8,995",₹
VCLFGY22FJKFCEQT,https://www.flipkart.com/inalsa-micro-wd10-wet-dry-vacuum-cleaner/p/itmfgy22akugxzd6?pid=VCLFGY22FJKFCEQT&lid=LSTVCLFGY22FJKFCEQTGUOVMP&marketplace=FLIPKART&srno=s_1_8&otracker=search&fm=organic&iid=403dfda6-98f2-42ca-87a9-09c6cfdfa81a.VCLFGY22FJKFCEQT.SEARCH&ssid=kihy5lfilc0000001594354215032&qH=e64a90cec0cf961b,4.5,//img1a.flixcart.com/www/linchpin/fk-cp-zion/img/placeholder_9951d0.svg,206 Ratings ,"Wet & Dry Cleaner,Maximum Sound Level: 75 dB,Motor Power: 1000 W | Suction Power: 130 W | Power: 1000 W,Cord Length: 4 m,Wheels | Blower,Pet Hair Collector","₹4,395","₹8,995",₹
VCLFRXYCQGFXCAS3,https://www.flipkart.com/inalsa-clean-max-dry-vacuum-cleaner/p/itm6d2bc2b3c5f24?pid=VCLFRXYCQGFXCAS3&lid=LSTVCLFRXYCQGFXCAS3SPQSJR&marketplace=FLIPKART&spotlightTagId=TrendingId_j9e%2Fabm%2Ful2&srno=s_1_7&otracker=search&fm=organic&iid=403dfda6-98f2-42ca-87a9-09c6cfdfa81a.VCLFRXYCQGFXCAS3.SEARCH&ssid=kihy5lfilc0000001594354215032&qH=e64a90cec0cf961b,4.3,//img1a.flixcart.com/www/linchpin/fk-cp-zion/img/placeholder_9951d0.svg,14 Ratings ,"Dry Vacuum Cleaner,Power: 1900 W,Cord Length: 5 m,Wheels | Blower,Pet Hair Collector","₹5,499","₹8,295",₹
VCLF5XRAGYZ5D8TF,https://www.flipkart.com/philips-fc9352-01-883935201280-dry-vacuum-cleaner/p/itmbaeae410dc71c?pid=VCLF5XRAGYZ5D8TF&lid=LSTVCLF5XRAGYZ5D8TFSBZCE1&marketplace=FLIPKART&srno=s_1_6&otracker=search&fm=organic&iid=403dfda6-98f2-42ca-87a9-09c6cfdfa81a.VCLF5XRAGYZ5D8TF.SEARCH&ssid=kihy5lfilc0000001594354215032&qH=e64a90cec0cf961b,,//img1a.flixcart.com/www/linchpin/fk-cp-zion/img/placeholder_9951d0.svg,851 Ratings ,"Dry Vacuum Cleaner,Motor Power: 1900 W | Suction Power: 370 W,Cord Length: 6 m,Wheels","₹7,827","₹9,995",₹
VCLF4N3FRGV6MADY,https://www.flipkart.com/prestige-cleanhome-typhoon05-wet-dry-vacuum-cleaner/p/itm0e5839855efba?pid=VCLF4N3FRGV6MADY&lid=LSTVCLF4N3FRGV6MADYHDQFIJ&marketplace=FLIPKART&srno=s_1_5&otracker=search&fm=organic&iid=403dfda6-98f2-42ca-87a9-09c6cfdfa81a.VCLF4N3FRGV6MADY.SEARCH&ssid=kihy5lfilc0000001594354215032&qH=e64a90cec0cf961b,4.4,//img1a.flixcart.com/www/linchpin/fk-cp-zion/img/placeholder_9951d0.svg,"4,653 Ratings ","Wet & Dry Cleaner,Power: 1200 W","₹3,999","₹5,995₹5,995",₹
VCLE8YYKSCFXJHE6,https://www.flipkart.com/eureka-forbes-trendy-zip-dry-vacuum-cleaner/p/itme8yykhekzffju?pid=VCLE8YYKSCFXJHE6&lid=LSTVCLE8YYKSCFXJHE6IKFDFK&marketplace=FLIPKART&srno=s_1_4&otracker=search&fm=organic&iid=403dfda6-98f2-42ca-87a9-09c6cfdfa81a.VCLE8YYKSCFXJHE6.SEARCH&ssid=kihy5lfilc0000001594354215032&qH=e64a90cec0cf961b,4.5,//img1a.flixcart.com/www/linchpin/fk-cp-zion/img/placeholder_9951d0.svg,"6,459 Ratings ","Dry Vacuum Cleaner,Motor Power: 1000 W | Suction Power: 1000 W,Wheels","₹3,199","₹3,999",₹
VCLEEJFRUBHNFTHG,https://www.flipkart.com/karcher-wd3-eu-i-wd3-eu-wet-dry-vacuum-cleaner/p/itma8da11a2665ec?pid=VCLEEJFRUBHNFTHG&lid=LSTVCLEEJFRUBHNFTHGOBXCMT&marketplace=FLIPKART&srno=s_1_3&otracker=search&fm=organic&iid=403dfda6-98f2-42ca-87a9-09c6cfdfa81a.VCLEEJFRUBHNFTHG.SEARCH&ssid=kihy5lfilc0000001594354215032&qH=e64a90cec0cf961b,4.3,//img1a.flixcart.com/www/linchpin/fk-cp-zion/img/placeholder_9951d0.svg,"2,625 Ratings ","Wet & Dry Cleaner,Wheels","₹6,299","₹8,999₹8,999",₹
VCLD4NTMX3YMXEEG,https://www.flipkart.com/eureka-forbes-easy-clean-plus-hand-held-vacuum-cleaner/p/itmdqwyjpawrdqau?pid=VCLD4NTMX3YMXEEG&lid=LSTVCLD4NTMX3YMXEEGG0UKNA&marketplace=FLIPKART&srno=s_1_2&otracker=search&fm=organic&iid=403dfda6-98f2-42ca-87a9-09c6cfdfa81a.VCLD4NTMX3YMXEEG.SEARCH&ssid=kihy5lfilc0000001594354215032&qH=e64a90cec0cf961b,4.3,//img1a.flixcart.com/www/linchpin/fk-cp-zion/img/placeholder_9951d0.svg,"6,616 Ratings ","Hand-held Vacuum Cleaner,Motor Power: 800 W | Power: 800 W,Cord Length: 180 m,Blower","₹2,399","₹2,999",₹
VCLD4NTMTSHPWZSS,https://www.flipkart.com/eureka-forbes-trendy-nano-dry-vacuum-cleaner/p/itmd4ntnxgbztteh?pid=VCLD4NTMTSHPWZSS&lid=LSTVCLD4NTMTSHPWZSS8YWUEV&marketplace=FLIPKART&srno=s_1_17&otracker=search&fm=organic&iid=403dfda6-98f2-42ca-87a9-09c6cfdfa81a.VCLD4NTMTSHPWZSS.SEARCH&ssid=kihy5lfilc0000001594354215032&qH=e64a90cec0cf961b,4.4,//img1a.flixcart.com/www/linchpin/fk-cp-zion/img/placeholder_9951d0.svg,"3,722 Ratings ","Dry Vacuum Cleaner,Motor Power: 1000 W,Wheels","₹3,725","₹3,799",₹
VCLFJ227GEGB2TR2,https://www.flipkart.com/inalsa-quickvac-dry-vacuum-cleaner/p/itmfj227b6pjmuzw?pid=VCLFJ227GEGB2TR2&lid=LSTVCLFJ227GEGB2TR2KLNBLG&marketplace=FLIPKART&srno=s_1_16&otracker=search&fm=organic&iid=403dfda6-98f2-42ca-87a9-09c6cfdfa81a.VCLFJ227GEGB2TR2.SEARCH&ssid=kihy5lfilc0000001594354215032&qH=e64a90cec0cf961b,4.3,//img1a.flixcart.com/www/linchpin/fk-cp-zion/img/placeholder_9951d0.svg,"1,168 Ratings ","Dry Vacuum Cleaner,Suction Power: 130 W | Power: 1000 W,Cord Length: 4 m,Wheels","₹2,699","₹4,195",₹
VCLD54QRPJSRHWHD,https://www.flipkart.com/panasonic-mc-dl201b14b-hand-held-vacuum-cleaner/p/itmez5pvbthuhjwg?pid=VCLD54QRPJSRHWHD&lid=LSTVCLD54QRPJSRHWHDCNF2OQ&marketplace=FLIPKART&srno=s_1_15&otracker=search&fm=organic&iid=403dfda6-98f2-42ca-87a9-09c6cfdfa81a.VCLD54QRPJSRHWHD.SEARCH&ssid=kihy5lfilc0000001594354215032&qH=e64a90cec0cf961b,4.3,//img1a.flixcart.com/www/linchpin/fk-cp-zion/img/placeholder_9951d0.svg,589 Ratings ,"Hand-held Vacuum Cleaner,Power: 700 W,Cord Length: 5 m m,Blower","₹2,949","₹3,995",₹
VCLF7UQHCQPTY3YZ,https://www.flipkart.com/jm-seller-blowing-sucking-dual-purpose-jk-8-home-car-washer-red-dry-hand-held-vacuum-cleaner/p/itmf7wgmcgnyzaf5?pid=VCLF7UQHCQPTY3YZ&lid=LSTVCLF7UQHCQPTY3YZSUM8H5&marketplace=FLIPKART&srno=s_1_14&otracker=search&fm=organic&iid=403dfda6-98f2-42ca-87a9-09c6cfdfa81a.VCLF7UQHCQPTY3YZ.SEARCH&ssid=kihy5lfilc0000001594354215032&qH=e64a90cec0cf961b,3.7,//img1a.flixcart.com/www/linchpin/fk-cp-zion/img/placeholder_9951d0.svg,"1,305 Ratings ","Hand-held Vacuum Cleaner,Power: 1000 W,Blower,Pet Hair Collector","₹1,799","₹4,999₹4,999",₹
VCLF566FSUCVMNBH,https://www.flipkart.com/inalsa-spruce-dry-vacuum-cleaner/p/itmf56aczhxg9yqp?pid=VCLF566FSUCVMNBH&lid=LSTVCLF566FSUCVMNBHSHW3LU&marketplace=FLIPKART&srno=s_1_13&otracker=search&fm=organic&iid=403dfda6-98f2-42ca-87a9-09c6cfdfa81a.VCLF566FSUCVMNBH.SEARCH&ssid=kihy5lfilc0000001594354215032&qH=e64a90cec0cf961b,4.5,//img1a.flixcart.com/www/linchpin/fk-cp-zion/img/placeholder_9951d0.svg,671 Ratings ,"Dry Vacuum Cleaner,Cord Length: 4.5 m,Blower","₹3,095","₹4,595",₹
VCLFHW6AYCE6GRST,https://www.flipkart.com/eureka-forbes-bold-wet-dry-vacuum-cleaner/p/itmd93961158aa90?pid=VCLFHW6AYCE6GRST&lid=LSTVCLFHW6AYCE6GRSTHROKPE&marketplace=FLIPKART&srno=s_1_12&otracker=search&fm=organic&iid=403dfda6-98f2-42ca-87a9-09c6cfdfa81a.VCLFHW6AYCE6GRST.SEARCH&ssid=kihy5lfilc0000001594354215032&qH=e64a90cec0cf961b,4.3,//img1a.flixcart.com/www/linchpin/fk-cp-zion/img/placeholder_9951d0.svg,291 Ratings ,"Wet & Dry Cleaner,Maximum Sound Level: 83 dB,Motor Power: 1400 W,Cord Length: 5 m,Wheels | Blower","₹6,899","₹9,999",₹
VCLF4VY6YYVGEFCY,https://www.flipkart.com/karcher-wd-5-premium-eu-wet-dry-vacuum-cleaner/p/itm4d2631f0e65af?pid=VCLF4VY6YYVGEFCY&lid=LSTVCLF4VY6YYVGEFCYZ2BKTE&marketplace=FLIPKART&srno=s_1_24&otracker=search&fm=organic&iid=403dfda6-98f2-42ca-87a9-09c6cfdfa81a.VCLF4VY6YYVGEFCY.SEARCH&ssid=kihy5lfilc0000001594354215032&qH=e64a90cec0cf961b,,//img1a.flixcart.com/www/linchpin/fk-cp-zion/img/placeholder_9951d0.svg,10 Ratings ,Wet & Dry Cleaner,"₹16,499","₹21,999",₹
VCLFYJ6GFNDHAM6T,https://www.flipkart.com/prestige-cleanhome-typhoon03-hand-held-vacuum-cleaner/p/itmd421cdd08f1f6?pid=VCLFYJ6GFNDHAM6T&lid=LSTVCLFYJ6GFNDHAM6TDPRFHZ&marketplace=FLIPKART&srno=s_2_48&otracker=search&fm=organic&iid=793b1e9b-186e-43fb-bf53-6a1c1ab4276b.VCLFYJ6GFNDHAM6T.SEARCH&ssid=i8hioca7fk0000001594354222359&qH=e64a90cec0cf961b,,//img1a.flixcart.com/www/linchpin/fk-cp-zion/img/placeholder_9951d0.svg,171 Ratings ,"Hand-held Vacuum Cleaner,Motor Power: 800 W","₹2,545","₹3,995",₹
VCLFPVGHXAYSSTKD,https://www.flipkart.com/marcrazy-hjaa-hand-held-vacuum-cleaner/p/itm827f26b3bff42?pid=VCLFPVGHXAYSSTKD&lid=LSTVCLFPVGHXAYSSTKDDTDQ3E&marketplace=FLIPKART&srno=s_4_96&otracker=search&fm=organic&iid=c5b91315-999a-498c-a483-640a5b4b6e59.VCLFPVGHXAYSSTKD.SEARCH&ssid=k75qmdmtu80000001594354288957&qH=e64a90cec0cf961b,3.3,//img1a.flixcart.com/www/linchpin/fk-cp-zion/img/placeholder_9951d0.svg,,"Hand-held Vacuum Cleaner,Power: 1000 W,Cord Length: 3.25 m,Blower,Pet Hair Collector | Retractable Cord","₹2,200","₹6,000",₹
VCLEZFYBFHZ3ARVY,https://www.flipkart.com/kent-kvc-s1023-hand-held-vacuum-cleaner/p/itmezfybbyatsvua?pid=VCLEZFYBFHZ3ARVY&lid=LSTVCLEZFYBFHZ3ARVYIQF0WT&marketplace=FLIPKART&srno=s_5_120&otracker=search&fm=organic&iid=a9e775da-80c4-48da-8bc7-197a0dfe7b6f.VCLEZFYBFHZ3ARVY.SEARCH&ssid=b6lty3aq280000001594354292859&qH=e64a90cec0cf961b,4.3,//img1a.flixcart.com/www/linchpin/fk-cp-zion/img/placeholder_9951d0.svg,10 Ratings ,Hand-held Vacuum Cleaner,"₹3,949","₹4,800",₹
VCLFEQCZF2DWWQMG,https://www.flipkart.com/kent-handy-hand-held-vacuum-cleaner/p/itmd287057c69bbc?pid=VCLFEQCZF2DWWQMG&lid=LSTVCLFEQCZF2DWWQMGCTK5QY&marketplace=FLIPKART&srno=s_6_124&otracker=search&fm=organic&iid=7126f190-b515-4cbf-a4f4-f177f810af56.VCLFEQCZF2DWWQMG.SEARCH&ssid=j5nqg2njps0000001594354295705&qH=e64a90cec0cf961b,4.4,//img1a.flixcart.com/www/linchpin/fk-cp-zion/img/placeholder_9951d0.svg,11 Ratings ,"Hand-held Vacuum Cleaner,Maximum Sound Level: 80 dB,Power: 1000 W,Blower,Pet Hair Collector | Retractable Cord","₹2,300","₹3,900",₹
VCLF4UPG8P5VYVZ6,https://www.flipkart.com/inalsa-spruce-dry-vacuum-cleaner/p/itmf4upgzpeh9xej?pid=VCLF4UPG8P5VYVZ6&lid=LSTVCLF4UPG8P5VYVZ6ZPSI8Z&marketplace=FLIPKART&srno=s_6_123&otracker=search&fm=organic&iid=7126f190-b515-4cbf-a4f4-f177f810af56.VCLF4UPG8P5VYVZ6.SEARCH&ssid=j5nqg2njps0000001594354295705&qH=e64a90cec0cf961b,4.3,//img1a.flixcart.com/www/linchpin/fk-cp-zion/img/placeholder_9951d0.svg,,"Dry Vacuum Cleaner,Maximum Sound Level: 75 dB,Suction Power: 180 W | Power: 1200 W,Cord Length: 4.5 m,Wheels | Blower","₹3,299","₹4,595",₹
VCLFY9X9ASCZYX8E,https://www.flipkart.com/snd-amazing-vacuum-cleaner-blowing-sucking-dual-purpose-jk-8-hand-held/p/itmfy9x9fhdevwja?pid=VCLFY9X9ASCZYX8E&lid=LSTVCLFY9X9ASCZYX8EJXSU0X&marketplace=FLIPKART&srno=s_6_121&otracker=search&fm=organic&iid=7126f190-b515-4cbf-a4f4-f177f810af56.VCLFY9X9ASCZYX8E.SEARCH&ssid=j5nqg2njps0000001594354295705&qH=e64a90cec0cf961b,2.4,//img1a.flixcart.com/www/linchpin/fk-cp-zion/img/placeholder_9951d0.svg,5 Ratings ,"Hand-held Vacuum Cleaner,Motor Power: 220 V W,Blower","₹2,998","₹2,999",₹
VCLFGSZRWVYKWX4G,https://www.flipkart.com/shophere-vaccum-new-dry-vacuum-cleaner/p/itmfgsqveam3rwcx?pid=VCLFGSZRWVYKWX4G&lid=LSTVCLFGSZRWVYKWX4GEBSX4W&marketplace=FLIPKART&srno=s_5_119&otracker=search&fm=organic&iid=a9e775da-80c4-48da-8bc7-197a0dfe7b6f.VCLFGSZRWVYKWX4G.SEARCH&ssid=b6lty3aq280000001594354292859&qH=e64a90cec0cf961b,3.2,//img1a.flixcart.com/www/linchpin/fk-cp-zion/img/placeholder_9951d0.svg,,Dry Vacuum Cleaner,"₹1,789","₹4,999",₹
VCLEYMZZY9NBG9WH,https://www.flipkart.com/skyline-vi-1010-hand-held-vacuum-cleaner/p/itmeymzztg9skyqj?pid=VCLEYMZZY9NBG9WH&lid=LSTVCLEYMZZY9NBG9WHZ6DAW7&marketplace=FLIPKART&srno=s_5_118&otracker=search&fm=organic&iid=a9e775da-80c4-48da-8bc7-197a0dfe7b6f.VCLEYMZZY9NBG9WH.SEARCH&ssid=b6lty3aq280000001594354292859&qH=e64a90cec0cf961b,3,//img1a.flixcart.com/www/linchpin/fk-cp-zion/img/placeholder_9951d0.svg,119 Ratings ,"Hand-held Vacuum Cleaner,Power: 1000 W","₹1,999","₹2,199",₹
VCLF4BXFJKW2HEVJ,https://www.flipkart.com/skyline-vl-2525b-cordless-vacuum-cleaner/p/itmf4bygyjfnkhpd?pid=VCLF4BXFJKW2HEVJ&lid=LSTVCLF4BXFJKW2HEVJGYOS0J&marketplace=FLIPKART&srno=s_5_117&otracker=search&fm=organic&iid=a9e775da-80c4-48da-8bc7-197a0dfe7b6f.VCLF4BXFJKW2HEVJ.SEARCH&ssid=b6lty3aq280000001594354292859&qH=e64a90cec0cf961b,(,//img1a.flixcart.com/www/linchpin/fk-cp-zion/img/placeholder_9951d0.svg,11 Ratings ,Cordless Vacuum Cleaner,"₹3,389","₹4,999",₹
VCLEF737GUWYKNYY,https://www.flipkart.com/euroline-vc-800-hand-held-vacuum-cleaner/p/itmef737sye4a6rn?pid=VCLEF737GUWYKNYY&lid=LSTVCLEF737GUWYKNYYHFQJAE&marketplace=FLIPKART&srno=s_5_116&otracker=search&fm=organic&iid=a9e775da-80c4-48da-8bc7-197a0dfe7b6f.VCLEF737GUWYKNYY.SEARCH&ssid=b6lty3aq280000001594354292859&qH=e64a90cec0cf961b,3.5,//img1a.flixcart.com/www/linchpin/fk-cp-zion/img/placeholder_9951d0.svg,6 Ratings ,Hand-held Vacuum Cleaner,"₹1,949","₹1,999",₹
VCLFQKNSDZRD93MQ,https://www.flipkart.com/croma-vacuum-cleaner-600-w-crav0056-dry/p/itmb9eb650a6e7eb?pid=VCLFQKNSDZRD93MQ&lid=LSTVCLFQKNSDZRD93MQ31QZD8&marketplace=FLIPKART&srno=s_5_115&otracker=search&fm=organic&iid=a9e775da-80c4-48da-8bc7-197a0dfe7b6f.VCLFQKNSDZRD93MQ.SEARCH&ssid=b6lty3aq280000001594354292859&qH=e64a90cec0cf961b,2.9,//img1a.flixcart.com/www/linchpin/fk-cp-zion/img/placeholder_9951d0.svg,6 Ratings ,"Dry Vacuum Cleaner,Maximum Sound Level: 65 dB,Cord Length: 3 m","₹1,299","₹3,000",₹
VCLEX9RAEFFBQGX3,https://www.flipkart.com/karcher-wd-1-kap-wet-dry-vacuum-cleaner/p/itm376fe23f5d90f?pid=VCLEX9RAEFFBQGX3&lid=LSTVCLEX9RAEFFBQGX38XRN9C&marketplace=FLIPKART&srno=s_5_114&otracker=search&fm=organic&iid=a9e775da-80c4-48da-8bc7-197a0dfe7b6f.VCLEX9RAEFFBQGX3.SEARCH&ssid=b6lty3aq280000001594354292859&qH=e64a90cec0cf961b,3.1,//img1a.flixcart.com/www/linchpin/fk-cp-zion/img/placeholder_9951d0.svg,110 Ratings ,Wet & Dry Cleaner,"₹4,489","₹6,999",₹
VCLFEGWU9PZZXSPX,https://www.flipkart.com/qutbi-tools-wet-dry-vacuum-cleaner-1200-watt-25-litre/p/itmfegwuxtvjhg9n?pid=VCLFEGWU9PZZXSPX&lid=LSTVCLFEGWU9PZZXSPXZMPR0B&marketplace=FLIPKART&srno=s_5_113&otracker=search&fm=organic&iid=a9e775da-80c4-48da-8bc7-197a0dfe7b6f.VCLFEGWU9PZZXSPX.SEARCH&ssid=b6lty3aq280000001594354292859&qH=e64a90cec0cf961b,2.1,//img1a.flixcart.com/www/linchpin/fk-cp-zion/img/placeholder_9951d0.svg,8 Ratings ,Wet & Dry Cleaner,"₹4,999","₹5,999",₹
VCLF6RRTDAF2GGMM,https://www.flipkart.com/apar-jk-8-dry-vacuum-cleaner/p/itmf6sfgwqdzmdbq?pid=VCLF6RRTDAF2GGMM&lid=LSTVCLF6RRTDAF2GGMMOLQINI&marketplace=FLIPKART&srno=s_5_112&otracker=search&fm=organic&iid=a9e775da-80c4-48da-8bc7-197a0dfe7b6f.VCLF6RRTDAF2GGMM.SEARCH&ssid=b6lty3aq280000001594354292859&qH=e64a90cec0cf961b,2.1,//img1a.flixcart.com/www/linchpin/fk-cp-zion/img/placeholder_9951d0.svg,12 Ratings ,"Dry Vacuum Cleaner,Motor Power: 220-240 W | Power: 1000W W,Blower","₹1,849","₹2,500",₹
VCLEUB2XBHPEBHRN,https://www.flipkart.com/maxed-amazing-vacuum-cleaner-blowing-sucking-dual-purpose-jk-8-hand-held/p/itmeub2xb5ttvyxm?pid=VCLEUB2XBHPEBHRN&lid=LSTVCLEUB2XBHPEBHRNE9NZQU&marketplace=FLIPKART&srno=s_5_111&otracker=search&fm=organic&iid=a9e775da-80c4-48da-8bc7-197a0dfe7b6f.VCLEUB2XBHPEBHRN.SEARCH&ssid=b6lty3aq280000001594354292859&qH=e64a90cec0cf961b,2.1,//img1a.flixcart.com/www/linchpin/fk-cp-zion/img/placeholder_9951d0.svg,63 Ratings ,"Hand-held Vacuum Cleaner,Blower,Retractable Cord","₹1,670","₹2,590",₹
VCLFH8FFGW5XZ7YN,https://www.flipkart.com/hm-robots-hm786-robotic-floor-cleaner/p/itm8ca4253df8be4?pid=VCLFH8FFGW5XZ7YN&lid=LSTVCLFH8FFGW5XZ7YNIOUADS&marketplace=FLIPKART&srno=s_5_109&otracker=search&fm=organic&iid=a9e775da-80c4-48da-8bc7-197a0dfe7b6f.VCLFH8FFGW5XZ7YN.SEARCH&ssid=b6lty3aq280000001594354292859&qH=e64a90cec0cf961b,2,//img1a.flixcart.com/www/linchpin/fk-cp-zion/img/placeholder_9951d0.svg,,"Robotic Floor Cleaner,Cord Length: 1.5 m | Charging Time: 3 Hours,Wheels | Blower,Pet Hair Collector | Retractable Cord","₹24,990","₹37,716",₹
VCLFAFFZRD9BFDUC,https://www.flipkart.com/skyline-vt-1020-dry-vacuum-cleaner/p/itmfafy3y5fcjuwc?pid=VCLFAFFZRD9BFDUC&lid=LSTVCLFAFFZRD9BFDUCAE55GZ&marketplace=FLIPKART&srno=s_5_108&otracker=search&fm=organic&iid=a9e775da-80c4-48da-8bc7-197a0dfe7b6f.VCLFAFFZRD9BFDUC.SEARCH&ssid=b6lty3aq280000001594354292859&qH=e64a90cec0cf961b,3.9,//img1a.flixcart.com/www/linchpin/fk-cp-zion/img/placeholder_9951d0.svg,,"Dry Vacuum Cleaner,Motor Power: 1000 W,Blower","₹2,475","₹2,999",₹
VCLFNZZRHP7HMGM6,https://www.flipkart.com/sweephome-crvc310-robotic-floor-cleaner/p/itme528316d416a6?pid=VCLFNZZRHP7HMGM6&lid=LSTVCLFNZZRHP7HMGM6BCBOOY&marketplace=FLIPKART&srno=s_5_107&otracker=search&fm=organic&iid=a9e775da-80c4-48da-8bc7-197a0dfe7b6f.VCLFNZZRHP7HMGM6.SEARCH&ssid=b6lty3aq280000001594354292859&qH=e64a90cec0cf961b,(,//img1a.flixcart.com/www/linchpin/fk-cp-zion/img/placeholder_9951d0.svg,,"Robotic Floor Cleaner,Maximum Sound Level: 65 dB,Motor Power: 24 W | Power: 24 W,Cord Length: cordless m | Charging Time: 4-6 Hours,Wheels | Blower,Pet Hair Collector","₹26,985","₹28,000",₹
VCLFZ3BYHEK4PKTD,https://www.flipkart.com/sweephome-crvc310-robotic-floor-cleaner/p/itm9a11db9db792c?pid=VCLFZ3BYHEK4PKTD&lid=LSTVCLFZ3BYHEK4PKTDGDCPJC&marketplace=FLIPKART&srno=s_5_106&otracker=search&fm=organic&iid=a9e775da-80c4-48da-8bc7-197a0dfe7b6f.VCLFZ3BYHEK4PKTD.SEARCH&ssid=b6lty3aq280000001594354292859&qH=e64a90cec0cf961b,(,//img1a.flixcart.com/www/linchpin/fk-cp-zion/img/placeholder_9951d0.svg,,"Robotic Floor Cleaner,Maximum Sound Level: 65 dB,Motor Power: 24 W | Suction Power: 250 W | Power: 24 W,Charging Time: 4-6 Hours,Wheels | Blower,Pet Hair Collector","₹29,365","₹32,650",₹
VCLFZ3DGJCQ5EX22,https://www.flipkart.com/sweephome-wc100-robotic-floor-cleaner/p/itm0db0c5d471c58?pid=VCLFZ3DGJCQ5EX22&lid=LSTVCLFZ3DGJCQ5EX22MQ5NNJ&marketplace=FLIPKART&srno=s_5_105&otracker=search&fm=organic&iid=a9e775da-80c4-48da-8bc7-197a0dfe7b6f.VCLFZ3DGJCQ5EX22.SEARCH&ssid=b6lty3aq280000001594354292859&qH=e64a90cec0cf961b,(,//img1a.flixcart.com/www/linchpin/fk-cp-zion/img/placeholder_9951d0.svg,,"Robotic Floor Cleaner,Maximum Sound Level: 55 dB,Motor Power: 80 W | Suction Power: 200 W | Power: 80 W,Cord Length: 4 m | Charging Time: 1-2 Hours,Blower,Pet Hair Collector | Retractable Cord","₹27,900","₹31,000",₹
VCLFPGWZZMD4Z6TT,https://www.flipkart.com/marcrazy-piaa2-hand-held-vacuum-cleaner/p/itmaf338e757ac72?pid=VCLFPGWZZMD4Z6TT&lid=LSTVCLFPGWZZMD4Z6TTH7CHU6&marketplace=FLIPKART&srno=s_5_104&otracker=search&fm=organic&iid=a9e775da-80c4-48da-8bc7-197a0dfe7b6f.VCLFPGWZZMD4Z6TT.SEARCH&ssid=b6lty3aq280000001594354292859&qH=e64a90cec0cf961b,3.3,//img1a.flixcart.com/www/linchpin/fk-cp-zion/img/placeholder_9951d0.svg,,"Hand-held Vacuum Cleaner,Power: 1000 W,Cord Length: 3.25 m,Blower,Pet Hair Collector | Retractable Cord","₹2,499","₹6,000",₹
VCLEBZAYXCH5TJNM,https://www.flipkart.com/orbit-volcano-ii-hand-held-vacuum-cleaner/p/itmebzayynwjkmg9?pid=VCLEBZAYXCH5TJNM&lid=LSTVCLEBZAYXCH5TJNMWXZBM4&marketplace=FLIPKART&srno=s_5_103&otracker=search&fm=organic&iid=a9e775da-80c4-48da-8bc7-197a0dfe7b6f.VCLEBZAYXCH5TJNM.SEARCH&ssid=b6lty3aq280000001594354292859&qH=e64a90cec0cf961b,2.6,//img1a.flixcart.com/www/linchpin/fk-cp-zion/img/placeholder_9951d0.svg,20 Ratings ,"Hand-held Vacuum Cleaner,Power: 1000 W,Cord Length: 3.7 m,Blower,Pet Hair Collector","₹2,499","₹3,300",₹
VCLFQ298CQHPMYNG,https://www.flipkart.com/marcrazy-4uty-a3-hand-held-vacuum-cleaner/p/itma0689b59c914d?pid=VCLFQ298CQHPMYNG&lid=LSTVCLFQ298CQHPMYNGJIGKUV&marketplace=FLIPKART&srno=s_5_102&otracker=search&fm=organic&iid=a9e775da-80c4-48da-8bc7-197a0dfe7b6f.VCLFQ298CQHPMYNG.SEARCH&ssid=b6lty3aq280000001594354292859&qH=e64a90cec0cf961b,3.3,//img1a.flixcart.com/www/linchpin/fk-cp-zion/img/placeholder_9951d0.svg,,"Hand-held Vacuum Cleaner,Power: 1000 W,Cord Length: 3.25 m,Blower,Pet Hair Collector | Retractable Cord","₹1,999","₹5,000",₹
VCLF7DZ7DDVXZV2M,https://www.flipkart.com/karcher-wd-3-wet-dry-vacuum-cleaner/p/itmf7e4gyj2z7kgd?pid=VCLF7DZ7DDVXZV2M&lid=LSTVCLF7DZ7DDVXZV2MLIOT2S&marketplace=FLIPKART&srno=s_5_101&otracker=search&fm=organic&iid=a9e775da-80c4-48da-8bc7-197a0dfe7b6f.VCLF7DZ7DDVXZV2M.SEARCH&ssid=b6lty3aq280000001594354292859&qH=e64a90cec0cf961b,2.7,//img1a.flixcart.com/www/linchpin/fk-cp-zion/img/placeholder_9951d0.svg,122 Ratings ,"Wet & Dry Cleaner,Maximum Sound Level: 84 dB,Motor Power: 1400 WATT W | Suction Power: 200 W | Power: 1000 WATT W,Cord Length: 4 METER m,Wheels | Blower,Pet Hair Collector","₹5,999","₹9,599",₹
VCLF8BM7RTJDABEJ,https://www.flipkart.com/easymart-jk-8-hand-held-vacuum-cleaner/p/itmf8cfbh6ggz2kz?pid=VCLF8BM7RTJDABEJ&lid=LSTVCLF8BM7RTJDABEJB2N8SM&marketplace=FLIPKART&srno=s_5_100&otracker=search&fm=organic&iid=a9e775da-80c4-48da-8bc7-197a0dfe7b6f.VCLF8BM7RTJDABEJ.SEARCH&ssid=b6lty3aq280000001594354292859&qH=e64a90cec0cf961b,4.3,//img1a.flixcart.com/www/linchpin/fk-cp-zion/img/placeholder_9951d0.svg,15 Ratings ,"Hand-held Vacuum Cleaner,Power: 1000 W W,Blower,Pet Hair Collector","₹1,849","₹4,999",₹
VCLFY2JFYBKUFTRN,https://www.flipkart.com/stok-st-vc01-dry-vacuum-cleaner/p/itmfy2jfsrgp3htv?pid=VCLFY2JFYBKUFTRN&lid=LSTVCLFY2JFYBKUFTRNX4WIY4&marketplace=FLIPKART&srno=s_5_99&otracker=search&fm=organic&iid=a9e775da-80c4-48da-8bc7-197a0dfe7b6f.VCLFY2JFYBKUFTRN.SEARCH&ssid=b6lty3aq280000001594354292859&qH=e64a90cec0cf961b,3.9,//img1a.flixcart.com/www/linchpin/fk-cp-zion/img/placeholder_9951d0.svg,27 Ratings ,"Dry Vacuum Cleaner,Motor Power: 1200 W | Suction Power: 350 W | Power: 1200 W,Cord Length: 4 m,Wheels,Pet Hair Collector | Retractable Cord","₹2,449","₹3,999",₹
VCLEPYDFNGSGZFGV,https://www.flipkart.com/astol-sv-15-wet-dry-vacuum-cleaner/p/itmepydfdmkxsrdt?pid=VCLEPYDFNGSGZFGV&lid=LSTVCLEPYDFNGSGZFGVQ9RI1V&marketplace=FLIPKART&srno=s_5_98&otracker=search&fm=organic&iid=a9e775da-80c4-48da-8bc7-197a0dfe7b6f.VCLEPYDFNGSGZFGV.SEARCH&ssid=b6lty3aq280000001594354292859&qH=e64a90cec0cf961b,(,//img1a.flixcart.com/www/linchpin/fk-cp-zion/img/placeholder_9951d0.svg,,"Wet & Dry Cleaner,Maximum Sound Level: 72 dB,Power: 1000W W,Wheels","₹9,450","₹12,750",₹
VCLFPQVSNE7XSHCU,https://www.flipkart.com/marcrazy-diyhh-a1-hand-held-vacuum-cleaner/p/itm2ffc06c1070f6?pid=VCLFPQVSNE7XSHCU&lid=LSTVCLFPQVSNE7XSHCUFREWLA&marketplace=FLIPKART&srno=s_5_97&otracker=search&fm=organic&iid=a9e775da-80c4-48da-8bc7-197a0dfe7b6f.VCLFPQVSNE7XSHCU.SEARCH&ssid=b6lty3aq280000001594354292859&qH=e64a90cec0cf961b,3.3,//img1a.flixcart.com/www/linchpin/fk-cp-zion/img/placeholder_9951d0.svg,,"Hand-held Vacuum Cleaner,Power: 1000 W,Cord Length: 3.25 m,Blower,Pet Hair Collector | Retractable Cord","₹2,500","₹6,000",₹
VCLFQYY5NRF8WKWD,https://www.flipkart.com/marcrazy-kjjj-a6-hand-held-vacuum-cleaner/p/itm0672f6ec85507?pid=VCLFQYY5NRF8WKWD&lid=LSTVCLFQYY5NRF8WKWDZY94WM&marketplace=FLIPKART&srno=s_4_95&otracker=search&fm=organic&iid=c5b91315-999a-498c-a483-640a5b4b6e59.VCLFQYY5NRF8WKWD.SEARCH&ssid=k75qmdmtu80000001594354288957&qH=e64a90cec0cf961b,3.3,//img1a.flixcart.com/www/linchpin/fk-cp-zion/img/placeholder_9951d0.svg,,"Hand-held Vacuum Cleaner,Power: 1000 W,Cord Length: 3.25 m,Blower,Pet Hair Collector | Retractable Cord","₹2,500","₹6,099",₹
VCLFPXJDZZSFESHH,https://www.flipkart.com/marcrazy-plol-a1-hand-held-vacuum-cleaner/p/itm74612d149e626?pid=VCLFPXJDZZSFESHH&lid=LSTVCLFPXJDZZSFESHHHOU0ST&marketplace=FLIPKART&srno=s_4_94&otracker=search&fm=organic&iid=c5b91315-999a-498c-a483-640a5b4b6e59.VCLFPXJDZZSFESHH.SEARCH&ssid=k75qmdmtu80000001594354288957&qH=e64a90cec0cf961b,3.3,//img1a.flixcart.com/www/linchpin/fk-cp-zion/img/placeholder_9951d0.svg,,"Hand-held Vacuum Cleaner,Power: 1000 W,Cord Length: 3.25 m,Blower,Pet Hair Collector | Retractable Cord","₹2,500","₹6,000",₹
VCLFPWSTT5GQHNNR,https://www.flipkart.com/kent-force-cyclonic-vacuum-cleaner-dry/p/itm2404957cd4754?pid=VCLFPWSTT5GQHNNR&lid=LSTVCLFPWSTT5GQHNNRORHRQI&marketplace=FLIPKART&srno=s_4_93&otracker=search&fm=organic&iid=c5b91315-999a-498c-a483-640a5b4b6e59.VCLFPWSTT5GQHNNR.SEARCH&ssid=k75qmdmtu80000001594354288957&qH=e64a90cec0cf961b,(,//img1a.flixcart.com/www/linchpin/fk-cp-zion/img/placeholder_9951d0.svg,,Dry Vacuum Cleaner,"₹8,182","₹8,230",₹
VCLFPKA8GUGEYZV6,https://www.flipkart.com/marcrazy-blueaa1-hand-held-vacuum-cleaner/p/itmaa58eec99b429?pid=VCLFPKA8GUGEYZV6&lid=LSTVCLFPKA8GUGEYZV69PH2YX&marketplace=FLIPKART&srno=s_4_92&otracker=search&fm=organic&iid=c5b91315-999a-498c-a483-640a5b4b6e59.VCLFPKA8GUGEYZV6.SEARCH&ssid=k75qmdmtu80000001594354288957&qH=e64a90cec0cf961b,3.3,//img1a.flixcart.com/www/linchpin/fk-cp-zion/img/placeholder_9951d0.svg,,"Hand-held Vacuum Cleaner,Power: 1000 W,Cord Length: 3.25 m,Blower,Pet Hair Collector | Retractable Cord","₹2,500","₹6,000",₹
VCLFNUP5QTU4TJKF,https://www.flipkart.com/bosch-gas-15-ps-wet-dry-vacuum-cleaner/p/itm4e7416abaf8eb?pid=VCLFNUP5QTU4TJKF&lid=LSTVCLFNUP5QTU4TJKFHCPIFY&marketplace=FLIPKART&srno=s_4_91&otracker=search&fm=organic&iid=c5b91315-999a-498c-a483-640a5b4b6e59.VCLFNUP5QTU4TJKF.SEARCH&ssid=k75qmdmtu80000001594354288957&qH=e64a90cec0cf961b,2.8,//img1a.flixcart.com/www/linchpin/fk-cp-zion/img/placeholder_9951d0.svg,,Wet & Dry Cleaner,"₹13,664","₹17,080",₹
VCLF2RGGBPXM3C8C,https://www.flipkart.com/t-topline-jk-8-hand-held-vacuum-cleaner/p/itmf2s92cddmaggu?pid=VCLF2RGGBPXM3C8C&lid=LSTVCLF2RGGBPXM3C8COICTSR&marketplace=FLIPKART&srno=s_4_90&otracker=search&fm=organic&iid=c5b91315-999a-498c-a483-640a5b4b6e59.VCLF2RGGBPXM3C8C.SEARCH&ssid=k75qmdmtu80000001594354288957&qH=e64a90cec0cf961b,3.4,//img1a.flixcart.com/www/linchpin/fk-cp-zion/img/placeholder_9951d0.svg,40 Ratings ,"Hand-held Vacuum Cleaner,Power: 1000 W W,Blower","₹1,690","₹3,499",₹
VCLDUY2YYZGFFWYG,https://www.flipkart.com/eureka-forbes-euroclean-litevac-dry-vacuum-cleaner/p/itmc1375428ab788?pid=VCLDUY2YYZGFFWYG&lid=LSTVCLDUY2YYZGFFWYGDG0I67&marketplace=FLIPKART&srno=s_4_89&otracker=search&fm=organic&iid=c5b91315-999a-498c-a483-640a5b4b6e59.VCLDUY2YYZGFFWYG.SEARCH&ssid=k75qmdmtu80000001594354288957&qH=e64a90cec0cf961b,2.1,//img1a.flixcart.com/www/linchpin/fk-cp-zion/img/placeholder_9951d0.svg,787 Ratings ,"Dry Vacuum Cleaner,Maximum Sound Level: 72 dB,Suction Power: 1324 mm | Power: 500 W","₹3,690",,₹
VCLFQYYYAF4UPDQK,https://www.flipkart.com/marcrazy-okaa2-hand-held-vacuum-cleaner/p/itm87ff2785f23b7?pid=VCLFQYYYAF4UPDQK&lid=LSTVCLFQYYYAF4UPDQKNFQUGS&marketplace=FLIPKART&srno=s_4_88&otracker=search&fm=organic&iid=c5b91315-999a-498c-a483-640a5b4b6e59.VCLFQYYYAF4UPDQK.SEARCH&ssid=k75qmdmtu80000001594354288957&qH=e64a90cec0cf961b,3.3,//img1a.flixcart.com/www/linchpin/fk-cp-zion/img/placeholder_9951d0.svg,,"Hand-held Vacuum Cleaner,Power: 1000 W,Cord Length: 3.25 m,Blower,Pet Hair Collector | Retractable Cord","₹2,500","₹6,000",₹
VCLFPZZYHGHHB7VX,https://www.flipkart.com/marcrazy-novaa1-hand-held-vacuum-cleaner/p/itm10c60d81269cf?pid=VCLFPZZYHGHHB7VX&lid=LSTVCLFPZZYHGHHB7VXGG0WEK&marketplace=FLIPKART&srno=s_4_87&otracker=search&fm=organic&iid=c5b91315-999a-498c-a483-640a5b4b6e59.VCLFPZZYHGHHB7VX.SEARCH&ssid=k75qmdmtu80000001594354288957&qH=e64a90cec0cf961b,3.3,//img1a.flixcart.com/www/linchpin/fk-cp-zion/img/placeholder_9951d0.svg,,"Hand-held Vacuum Cleaner,Power: 1000 W,Cord Length: 3.25 m,Blower,Pet Hair Collector | Retractable Cord","₹2,500","₹6,500",₹
VCLFPEZFFKWFHS8X,https://www.flipkart.com/marcrazy-henaa11-hand-held-vacuum-cleaner/p/itmf5aa45bf542ed?pid=VCLFPEZFFKWFHS8X&lid=LSTVCLFPEZFFKWFHS8X2DGU9T&marketplace=FLIPKART&srno=s_4_86&otracker=search&fm=organic&iid=c5b91315-999a-498c-a483-640a5b4b6e59.VCLFPEZFFKWFHS8X.SEARCH&ssid=k75qmdmtu80000001594354288957&qH=e64a90cec0cf961b,3.3,//img1a.flixcart.com/www/linchpin/fk-cp-zion/img/placeholder_9951d0.svg,,"Hand-held Vacuum Cleaner,Power: 1000 W,Cord Length: 3.25 m,Blower,Pet Hair Collector | Retractable Cord","₹2,500","₹6,000",₹
VCLFYWTFB7SXKXGQ,https://www.flipkart.com/t-topline-blowing-sucking-dual-purpose-jk-8-hand-held-vacuum-cleaner-red/p/itmfyxez7buwhwjq?pid=VCLFYWTFB7SXKXGQ&lid=LSTVCLFYWTFB7SXKXGQILPSWE&marketplace=FLIPKART&srno=s_4_85&otracker=search&fm=organic&iid=c5b91315-999a-498c-a483-640a5b4b6e59.VCLFYWTFB7SXKXGQ.SEARCH&ssid=k75qmdmtu80000001594354288957&qH=e64a90cec0cf961b,3.4,//img1a.flixcart.com/www/linchpin/fk-cp-zion/img/placeholder_9951d0.svg,18 Ratings ,"Hand-held Vacuum Cleaner,Power: 1000 W,Blower","₹1,740","₹2,999",₹
VCLFPHFAMHWYZFFW,https://www.flipkart.com/marcrazy-thgnnb-a4-hand-held-vacuum-cleaner/p/itm2f3569f2a0dc9?pid=VCLFPHFAMHWYZFFW&lid=LSTVCLFPHFAMHWYZFFWFH23PQ&marketplace=FLIPKART&srno=s_4_84&otracker=search&fm=organic&iid=c5b91315-999a-498c-a483-640a5b4b6e59.VCLFPHFAMHWYZFFW.SEARCH&ssid=k75qmdmtu80000001594354288957&qH=e64a90cec0cf961b,3.3,//img1a.flixcart.com/www/linchpin/fk-cp-zion/img/placeholder_9951d0.svg,,"Hand-held Vacuum Cleaner,Power: 1000 W,Cord Length: 3.25 m,Blower,Pet Hair Collector | Retractable Cord","₹2,549","₹6,099",₹
VCLF3DENCPUZGNNH,https://www.flipkart.com/jiya-enterprise-blowing-sucking-dual-purpose-jk-8-hand-held-vacuum-cleaner-red/p/itmf3dgjk3nberyr?pid=VCLF3DENCPUZGNNH&lid=LSTVCLF3DENCPUZGNNHRWPUAF&marketplace=FLIPKART&srno=s_4_83&otracker=search&fm=organic&iid=c5b91315-999a-498c-a483-640a5b4b6e59.VCLF3DENCPUZGNNH.SEARCH&ssid=k75qmdmtu80000001594354288957&qH=e64a90cec0cf961b,3.4,//img1a.flixcart.com/www/linchpin/fk-cp-zion/img/placeholder_9951d0.svg,30 Ratings ,"Hand-held Vacuum Cleaner,Power: 1000 W,Blower","₹1,740","₹4,999",₹
VCLFQKJGJRK9TCGF,https://www.flipkart.com/croma-vacuum-cleaner-1400w-crav0057-dry/p/itm784b6b3da668a?pid=VCLFQKJGJRK9TCGF&lid=LSTVCLFQKJGJRK9TCGFUVLHON&marketplace=FLIPKART&srno=s_4_82&otracker=search&fm=organic&iid=c5b91315-999a-498c-a483-640a5b4b6e59.VCLFQKJGJRK9TCGF.SEARCH&ssid=k75qmdmtu80000001594354288957&qH=e64a90cec0cf961b,2.9,//img1a.flixcart.com/www/linchpin/fk-cp-zion/img/placeholder_9951d0.svg,,"Dry Vacuum Cleaner,Maximum Sound Level: 85 dB,Power: 1400 W","₹3,690","₹8,000",₹
VCLEGKNYMMPXSBKU,https://www.flipkart.com/philips-fc8085-dry-vacuum-cleaner/p/itmegknyc3sajbfw?pid=VCLEGKNYMMPXSBKU&lid=LSTVCLEGKNYMMPXSBKUDE9MVA&marketplace=FLIPKART&srno=s_4_81&otracker=search&fm=organic&iid=c5b91315-999a-498c-a483-640a5b4b6e59.VCLEGKNYMMPXSBKU.SEARCH&ssid=k75qmdmtu80000001594354288957&qH=e64a90cec0cf961b,3.2,//img1a.flixcart.com/www/linchpin/fk-cp-zion/img/placeholder_9951d0.svg,23 Ratings ,"Dry Vacuum Cleaner,Motor Power: 1200 W | Suction Power: 350 W | Power: 1200 W,Cord Length: 4.5 m","₹8,299","₹9,095",₹
VCLFMUT6GVMZY4TJ,https://www.flipkart.com/pearl-jkv-8-hand-held-vacuum-cleaner/p/itm74510d7e29b6e?pid=VCLFMUT6GVMZY4TJ&lid=LSTVCLFMUT6GVMZY4TJEJ4MLM&marketplace=FLIPKART&srno=s_4_80&otracker=search&fm=organic&iid=c5b91315-999a-498c-a483-640a5b4b6e59.VCLFMUT6GVMZY4TJ.SEARCH&ssid=k75qmdmtu80000001594354288957&qH=e64a90cec0cf961b,4.3,//img1a.flixcart.com/www/linchpin/fk-cp-zion/img/placeholder_9951d0.svg,5 Ratings ,"Hand-held Vacuum Cleaner,Power: 1000 W,Blower,Pet Hair Collector","₹1,749","₹3,999",₹
VCLFA8AHH8JGBRNP,https://www.flipkart.com/bosch-gas-15-professional-vaccum-cleaner-1100-watt-wet-dry-vacuum/p/itmfa8gjnytveycg?pid=VCLFA8AHH8JGBRNP&lid=LSTVCLFA8AHH8JGBRNP83GTGW&marketplace=FLIPKART&srno=s_4_79&otracker=search&fm=organic&iid=c5b91315-999a-498c-a483-640a5b4b6e59.VCLFA8AHH8JGBRNP.SEARCH&ssid=k75qmdmtu80000001594354288957&qH=e64a90cec0cf961b,3.1,//img1a.flixcart.com/www/linchpin/fk-cp-zion/img/placeholder_9951d0.svg,15 Ratings ,"Wet & Dry Cleaner,Motor Power: 1100 W | Suction Power: 22 W","₹11,949","₹17,100",₹
VCLFG5EEZKVP3CAD,https://www.flipkart.com/lala-life-handheld-vacuum-cordless-dust-collector-powerful-mini-portable-hand-held-vacuum-cleaner/p/itmfg5gfmnzydajx?pid=VCLFG5EEZKVP3CAD&lid=LSTVCLFG5EEZKVP3CADT9NOOU&marketplace=FLIPKART&srno=s_4_78&otracker=search&fm=organic&iid=c5b91315-999a-498c-a483-640a5b4b6e59.VCLFG5EEZKVP3CAD.SEARCH&ssid=k75qmdmtu80000001594354288957&qH=e64a90cec0cf961b,4.7,//img1a.flixcart.com/www/linchpin/fk-cp-zion/img/placeholder_9951d0.svg,74 Ratings ,"Hand-held Vacuum Cleaner,Motor Power: 600 W | Suction Power: 100-120 W","₹1,899","₹3,999",₹
VCLE32FVEJYHCPZG,https://www.flipkart.com/karcher-mv3-home-car-washer/p/itme32fvwdkfefwf?pid=VCLE32FVEJYHCPZG&lid=LSTVCLE32FVEJYHCPZG0EO65U&marketplace=FLIPKART&srno=s_4_77&otracker=search&fm=organic&iid=c5b91315-999a-498c-a483-640a5b4b6e59.VCLE32FVEJYHCPZG.SEARCH&ssid=k75qmdmtu80000001594354288957&qH=e64a90cec0cf961b,(,//img1a.flixcart.com/www/linchpin/fk-cp-zion/img/placeholder_9951d0.svg,63 Ratings ,"Home & Car Washer,Motor Power: 1000 W | Suction Power: 200 W","₹5,999","₹9,299",₹
VCLFH6P5KBXNVFFR,https://www.flipkart.com/hm-robots-fr-9s-robotic-floor-cleaner/p/itm8874cd2a3dba4?pid=VCLFH6P5KBXNVFFR&lid=LSTVCLFH6P5KBXNVFFRNTYUEV&marketplace=FLIPKART&srno=s_4_75&otracker=search&fm=organic&iid=c5b91315-999a-498c-a483-640a5b4b6e59.VCLFH6P5KBXNVFFR.SEARCH&ssid=k75qmdmtu80000001594354288957&qH=e64a90cec0cf961b,2,//img1a.flixcart.com/www/linchpin/fk-cp-zion/img/placeholder_9951d0.svg,11 Ratings ,"Robotic Floor Cleaner,Cord Length: 1.5 m,Wheels | Blower,Pet Hair Collector | Retractable Cord","₹21,116","₹31,674",₹
VCLFHG2PXZKEHKRG,https://www.flipkart.com/agaro-regent-dry-vacuum-cleaner/p/itmfhg86m2gwpvdm?pid=VCLFHG2PXZKEHKRG&lid=LSTVCLFHG2PXZKEHKRGKM5DTS&marketplace=FLIPKART&srno=s_4_74&otracker=search&fm=organic&iid=c5b91315-999a-498c-a483-640a5b4b6e59.VCLFHG2PXZKEHKRG.SEARCH&ssid=k75qmdmtu80000001594354288957&qH=e64a90cec0cf961b,4.3,//img1a.flixcart.com/www/linchpin/fk-cp-zion/img/placeholder_9951d0.svg,,"Dry Vacuum Cleaner,Power: 1600 Watts W,Cord Length: 5 meters m","₹4,599","₹6,999",₹
VCLFPDQSTDHXESGS,https://www.flipkart.com/marcrazy-kitaa9-hand-held-vacuum-cleaner/p/itm4dcc5eadc5cf7?pid=VCLFPDQSTDHXESGS&lid=LSTVCLFPDQSTDHXESGSCBD8GL&marketplace=FLIPKART&srno=s_3_71&otracker=search&fm=organic&iid=acd98c08-571a-439a-8a25-b403b4fe8914.VCLFPDQSTDHXESGS.SEARCH&ssid=5rtpljqr5s0000001594354284705&qH=e64a90cec0cf961b,3.3,//img1a.flixcart.com/www/linchpin/fk-cp-zion/img/placeholder_9951d0.svg,,"Hand-held Vacuum Cleaner,Power: 1000 W,Cord Length: 3.25 m,Blower,Pet Hair Collector | Retractable Cord","₹2,500","₹5,000",₹
VCLFPE85ZSEQWGK6,https://www.flipkart.com/marcrazy-jk-8-vaccum-cleaner-dry-vacuum/p/itm2d1af9049c055?pid=VCLFPE85ZSEQWGK6&lid=LSTVCLFPE85ZSEQWGK6MQBQ4T&marketplace=FLIPKART&srno=s_3_70&otracker=search&fm=organic&iid=acd98c08-571a-439a-8a25-b403b4fe8914.VCLFPE85ZSEQWGK6.SEARCH&ssid=5rtpljqr5s0000001594354284705&qH=e64a90cec0cf961b,3.3,//img1a.flixcart.com/www/linchpin/fk-cp-zion/img/placeholder_9951d0.svg,,"Dry Vacuum Cleaner,Power: 1000 W,Cord Length: 3.25 m,Blower,Pet Hair Collector | Retractable Cord","₹2,499","₹6,689",₹
VCLFNAYGHMHCUXHV,https://www.flipkart.com/swadhin-sd0375-hand-held-vacuum-cleaner/p/itma80e0fd4c6dc8?pid=VCLFNAYGHMHCUXHV&lid=LSTVCLFNAYGHMHCUXHVQ9ZGNP&marketplace=FLIPKART&srno=s_3_69&otracker=search&fm=organic&iid=acd98c08-571a-439a-8a25-b403b4fe8914.VCLFNAYGHMHCUXHV.SEARCH&ssid=5rtpljqr5s0000001594354284705&qH=e64a90cec0cf961b,2.9,//img1a.flixcart.com/www/linchpin/fk-cp-zion/img/placeholder_9951d0.svg,,Hand-held Vacuum Cleaner,"₹1,899","₹3,600",₹
VCLDPZTYFBXVTYGD,https://www.flipkart.com/eureka-forbes-xforce-dry-vacuum-cleaner/p/itmdrfwdggcwfc6q?pid=VCLDPZTYFBXVTYGD&lid=LSTVCLDPZTYFBXVTYGDGGGHUP&marketplace=FLIPKART&srno=s_3_68&otracker=search&fm=organic&iid=acd98c08-571a-439a-8a25-b403b4fe8914.VCLDPZTYFBXVTYGD.SEARCH&ssid=5rtpljqr5s0000001594354284705&qH=e64a90cec0cf961b,(,//img1a.flixcart.com/www/linchpin/fk-cp-zion/img/placeholder_9951d0.svg,264 Ratings ,"Dry Vacuum Cleaner,Power: 1400 W,Blower","₹9,500","₹10,690",₹
VCLFPDZ96P2KHHRY,https://www.flipkart.com/marcrazy-ki1s-hand-held-vacuum-cleaner/p/itm422cc77ed2c30?pid=VCLFPDZ96P2KHHRY&lid=LSTVCLFPDZ96P2KHHRYCIOCIO&marketplace=FLIPKART&srno=s_3_67&otracker=search&fm=organic&iid=acd98c08-571a-439a-8a25-b403b4fe8914.VCLFPDZ96P2KHHRY.SEARCH&ssid=5rtpljqr5s0000001594354284705&qH=e64a90cec0cf961b,3.3,//img1a.flixcart.com/www/linchpin/fk-cp-zion/img/placeholder_9951d0.svg,,"Hand-held Vacuum Cleaner,Power: 1000 W,Cord Length: 3.25 m,Blower,Retractable Cord","₹2,500","₹3,998",₹
VCLFNUGT8E4KSDWV,https://www.flipkart.com/4tens-sg0284-hand-held-vacuum-cleaner/p/itma310f92eec904?pid=VCLFNUGT8E4KSDWV&lid=LSTVCLFNUGT8E4KSDWVUUKE79&marketplace=FLIPKART&srno=s_3_66&otracker=search&fm=organic&iid=acd98c08-571a-439a-8a25-b403b4fe8914.VCLFNUGT8E4KSDWV.SEARCH&ssid=5rtpljqr5s0000001594354284705&qH=e64a90cec0cf961b,2.9,//img1a.flixcart.com/www/linchpin/fk-cp-zion/img/placeholder_9951d0.svg,,"Hand-held Vacuum Cleaner,Blower","₹1,899","₹3,600",₹
VCLET5Z4BC8R9ZGP,https://www.flipkart.com/panasonic-mc-cl561a145-dry-vacuum-cleaner/p/itm8598c24e4a8b3?pid=VCLET5Z4BC8R9ZGP&lid=LSTVCLET5Z4BC8R9ZGPYS3RAK&marketplace=FLIPKART&srno=s_3_63&otracker=search&fm=organic&iid=acd98c08-571a-439a-8a25-b403b4fe8914.VCLET5Z4BC8R9ZGP.SEARCH&ssid=5rtpljqr5s0000001594354284705&qH=e64a90cec0cf961b,,//img1a.flixcart.com/www/linchpin/fk-cp-zion/img/placeholder_9951d0.svg,41 Ratings ,Dry Vacuum Cleaner,"₹6,699","₹8,295",₹
VCLFJHHK6NU6NGU6,https://www.flipkart.com/gocart-home-car-dry-portable-vacuum-cleaner-dual-use-dust-collector-hand-held/p/itm66e77514c5f02?pid=VCLFJHHK6NU6NGU6&lid=LSTVCLFJHHK6NU6NGU6LCJVI7&marketplace=FLIPKART&srno=s_3_62&otracker=search&fm=organic&iid=acd98c08-571a-439a-8a25-b403b4fe8914.VCLFJHHK6NU6NGU6.SEARCH&ssid=5rtpljqr5s0000001594354284705&qH=e64a90cec0cf961b,4.7,//img1a.flixcart.com/www/linchpin/fk-cp-zion/img/placeholder_9951d0.svg,29 Ratings ,"Hand-held Vacuum Cleaner,Maximum Sound Level: 70 dB,Motor Power: 650 W,Cord Length: 45 m","₹1,899","₹4,998",₹
VCLET5UFQVYY6YET,https://www.flipkart.com/panasonic-mc-cl563r145-dry-vacuum-cleaner/p/itm30b96d6165aa3?pid=VCLET5UFQVYY6YET&lid=LSTVCLET5UFQVYY6YETJHJ0RH&marketplace=FLIPKART&srno=s_3_61&otracker=search&fm=organic&iid=acd98c08-571a-439a-8a25-b403b4fe8914.VCLET5UFQVYY6YET.SEARCH&ssid=5rtpljqr5s0000001594354284705&qH=e64a90cec0cf961b,4.3,//img1a.flixcart.com/www/linchpin/fk-cp-zion/img/placeholder_9951d0.svg,14 Ratings ,Dry Vacuum Cleaner,"₹8,499","₹9,875",₹
VCLFKN2FH8Y7CBXG,https://www.flipkart.com/nova-bagless-2-1-vaccum-blower-nvc-2766-hand-held-vacuum-cleaner/p/itmf56061c5c68df?pid=VCLFKN2FH8Y7CBXG&lid=LSTVCLFKN2FH8Y7CBXG0DMQVX&marketplace=FLIPKART&srno=s_3_59&otracker=search&fm=organic&iid=acd98c08-571a-439a-8a25-b403b4fe8914.VCLFKN2FH8Y7CBXG.SEARCH&ssid=5rtpljqr5s0000001594354284705&qH=e64a90cec0cf961b,4.4,//img1a.flixcart.com/www/linchpin/fk-cp-zion/img/placeholder_9951d0.svg,24 Ratings ,"Hand-held Vacuum Cleaner,Suction Power: 800 W,Blower","₹1,899","₹2,995",₹
VCLFNH5GXHHRR5YF,https://www.flipkart.com/shophere-portable-vacuum-cleaner-hand-held/p/itmcca38d7afbae8?pid=VCLFNH5GXHHRR5YF&lid=LSTVCLFNH5GXHHRR5YFUAU0FI&marketplace=FLIPKART&srno=s_3_58&otracker=search&fm=organic&iid=acd98c08-571a-439a-8a25-b403b4fe8914.VCLFNH5GXHHRR5YF.SEARCH&ssid=5rtpljqr5s0000001594354284705&qH=e64a90cec0cf961b,3.2,//img1a.flixcart.com/www/linchpin/fk-cp-zion/img/placeholder_9951d0.svg,,Hand-held Vacuum Cleaner,"₹1,798","₹4,999",₹
VCLFEQCZUSR6FHQD,https://www.flipkart.com/kent-handy-hand-held-vacuum-cleaner/p/itmd6e9bec851065?pid=VCLFEQCZUSR6FHQD&lid=LSTVCLFEQCZUSR6FHQDFMPHTJ&marketplace=FLIPKART&srno=s_3_57&otracker=search&fm=organic&iid=acd98c08-571a-439a-8a25-b403b4fe8914.VCLFEQCZUSR6FHQD.SEARCH&ssid=5rtpljqr5s0000001594354284705&qH=e64a90cec0cf961b,3.4,//img1a.flixcart.com/www/linchpin/fk-cp-zion/img/placeholder_9951d0.svg,10 Ratings ,"Hand-held Vacuum Cleaner,Maximum Sound Level: 80 dB,Power: 1000 W,Blower,Pet Hair Collector | Retractable Cord","₹2,520","₹3,900",₹
VCLFNHCHMWTH3JZD,https://www.flipkart.com/vdnsi-pf1097-hand-held-vacuum-cleaner/p/itmbbf8ce66ff8cd?pid=VCLFNHCHMWTH3JZD&lid=LSTVCLFNHCHMWTH3JZD7AHKT4&marketplace=FLIPKART&srno=s_3_56&otracker=search&fm=organic&iid=acd98c08-571a-439a-8a25-b403b4fe8914.VCLFNHCHMWTH3JZD.SEARCH&ssid=5rtpljqr5s0000001594354284705&qH=e64a90cec0cf961b,3.1,//img1a.flixcart.com/www/linchpin/fk-cp-zion/img/placeholder_9951d0.svg,,"Hand-held Vacuum Cleaner,Blower","₹1,799","₹3,400",₹
VCLFPR6PN54ZDWNR,https://www.flipkart.com/marcrazy-toaa6-hand-held-vacuum-cleaner/p/itma34715d3608d5?pid=VCLFPR6PN54ZDWNR&lid=LSTVCLFPR6PN54ZDWNR7IKDNG&marketplace=FLIPKART&srno=s_3_53&otracker=search&fm=organic&iid=acd98c08-571a-439a-8a25-b403b4fe8914.VCLFPR6PN54ZDWNR.SEARCH&ssid=5rtpljqr5s0000001594354284705&qH=e64a90cec0cf961b,3.3,//img1a.flixcart.com/www/linchpin/fk-cp-zion/img/placeholder_9951d0.svg,,"Hand-held Vacuum Cleaner,Power: 1000 W,Cord Length: 3.25 m,Blower,Pet Hair Collector | Retractable Cord","₹2,500","₹6,000",₹
VCLFMUTBKVJPHZAC,https://www.flipkart.com/easymart-blowing-sucking-dual-purpose-hand-held-vacuum-cleaner-multicolor/p/itm58d37984a9914?pid=VCLFMUTBKVJPHZAC&lid=LSTVCLFMUTBKVJPHZACGRKJGH&marketplace=FLIPKART&srno=s_3_52&otracker=search&fm=organic&iid=acd98c08-571a-439a-8a25-b403b4fe8914.VCLFMUTBKVJPHZAC.SEARCH&ssid=5rtpljqr5s0000001594354284705&qH=e64a90cec0cf961b,4.3,//img1a.flixcart.com/www/linchpin/fk-cp-zion/img/placeholder_9951d0.svg,,"Hand-held Vacuum Cleaner,Power: 1000 W,Cord Length: 2 m,Blower,Pet Hair Collector","₹1,849","₹2,999",₹
VCLFGC3KHD8YRGDP,https://www.flipkart.com/ibell-2012wb-dry-vacuum-cleaner/p/itmfgcatcfbsakym?pid=VCLFGC3KHD8YRGDP&lid=LSTVCLFGC3KHD8YRGDPPUREZ6&marketplace=FLIPKART&srno=s_3_51&otracker=search&fm=organic&iid=acd98c08-571a-439a-8a25-b403b4fe8914.VCLFGC3KHD8YRGDP.SEARCH&ssid=5rtpljqr5s0000001594354284705&qH=e64a90cec0cf961b,4,//img1a.flixcart.com/www/linchpin/fk-cp-zion/img/placeholder_9951d0.svg,17 Ratings ,Dry Vacuum Cleaner,"₹5,100","₹7,990",₹
VCLDDH8B4U7DEPM9,https://www.flipkart.com/black-decker-vh780-hand-held-vacuum-cleaner/p/itmddh8fyqzgzzwz?pid=VCLDDH8B4U7DEPM9&lid=LSTVCLDDH8B4U7DEPM9KHFHG1&marketplace=FLIPKART&srno=s_3_50&otracker=search&fm=organic&iid=acd98c08-571a-439a-8a25-b403b4fe8914.VCLDDH8B4U7DEPM9.SEARCH&ssid=5rtpljqr5s0000001594354284705&qH=e64a90cec0cf961b,4.5,//img1a.flixcart.com/www/linchpin/fk-cp-zion/img/placeholder_9951d0.svg,458 Ratings ,"Hand-held Vacuum Cleaner,Motor Power: 780 W | Suction Power: 750 W,Cord Length: 6 m,Blower","₹3,199","₹4,995",₹
VCLF5NZNZEG6GUZB,https://www.flipkart.com/impex-vacuum-cleaner-v-c-4703-wet-dry/p/itmf5nvyngbrfrzd?pid=VCLF5NZNZEG6GUZB&lid=LSTVCLF5NZNZEG6GUZBNOMAVT&marketplace=FLIPKART&srno=s_3_49&otracker=search&fm=organic&iid=acd98c08-571a-439a-8a25-b403b4fe8914.VCLF5NZNZEG6GUZB.SEARCH&ssid=5rtpljqr5s0000001594354284705&qH=e64a90cec0cf961b,3.7,//img1a.flixcart.com/www/linchpin/fk-cp-zion/img/placeholder_9951d0.svg,304 Ratings ,"Wet & Dry Cleaner,Wheels | Blower,Pet Hair Collector | Retractable Cord","₹4,179","₹5,450₹5,450",₹
VCLEVYP65CX4JF7A,https://www.flipkart.com/eureka-forbes-wd-mini-wet-dry-vacuum-cleaner/p/itmevyp6j8hn9s3g?pid=VCLEVYP65CX4JF7A&lid=LSTVCLEVYP65CX4JF7ATZ0CDB&marketplace=FLIPKART&srno=s_2_47&otracker=search&fm=organic&iid=793b1e9b-186e-43fb-bf53-6a1c1ab4276b.VCLEVYP65CX4JF7A.SEARCH&ssid=i8hioca7fk0000001594354222359&qH=e64a90cec0cf961b,,//img1a.flixcart.com/www/linchpin/fk-cp-zion/img/placeholder_9951d0.svg,670 Ratings ,Wet & Dry Cleaner,"₹5,499","₹6,999",₹
VCLFMBWGHGTRGHMZ,https://www.flipkart.com/eureka-forbes-ultimo-wet-dry-vacuum-cleaner/p/itm6129a00267d4c?pid=VCLFMBWGHGTRGHMZ&lid=LSTVCLFMBWGHGTRGHMZOFYYB6&marketplace=FLIPKART&srno=s_2_45&otracker=search&fm=organic&iid=793b1e9b-186e-43fb-bf53-6a1c1ab4276b.VCLFMBWGHGTRGHMZ.SEARCH&ssid=i8hioca7fk0000001594354222359&qH=e64a90cec0cf961b,3.7,//img1a.flixcart.com/www/linchpin/fk-cp-zion/img/placeholder_9951d0.svg,164 Ratings ,"Wet & Dry Cleaner,Maximum Sound Level: 83 dB,Motor Power: 1400 W,Cord Length: 5 m,Wheels | Blower","₹6,899","₹9,999",₹
VCLD4NTMTHHCHSCJ,https://www.flipkart.com/eureka-forbes-trendy-steel-dry-vacuum-cleaner/p/itmd4ntnyrk88wnb?pid=VCLD4NTMTHHCHSCJ&lid=LSTVCLD4NTMTHHCHSCJMRKLFS&marketplace=FLIPKART&srno=s_2_44&otracker=search&fm=organic&iid=793b1e9b-186e-43fb-bf53-6a1c1ab4276b.VCLD4NTMTHHCHSCJ.SEARCH&ssid=i8hioca7fk0000001594354222359&qH=e64a90cec0cf961b,(,//img1a.flixcart.com/www/linchpin/fk-cp-zion/img/placeholder_9951d0.svg,"2,516 Ratings ","Dry Vacuum Cleaner,Motor Power: 1300 W,Wheels | Blower","₹6,599","₹7,999",₹
VCLF8FBAAH4GRNSH,https://www.flipkart.com/dyson-v8-absolute-cordless-vacuum-cleaner/p/itmee96ba127465f?pid=VCLF8FBAAH4GRNSH&lid=LSTVCLF8FBAAH4GRNSH4CXATH&marketplace=FLIPKART&srno=s_2_43&otracker=search&fm=organic&iid=793b1e9b-186e-43fb-bf53-6a1c1ab4276b.VCLF8FBAAH4GRNSH.SEARCH&ssid=i8hioca7fk0000001594354222359&qH=e64a90cec0cf961b,4.3,//img1a.flixcart.com/www/linchpin/fk-cp-zion/img/placeholder_9951d0.svg,45 Ratings ,"Cordless Vacuum Cleaner,Suction Power: 115 AW,Charging Time: 5 Hours Hours,Pet Hair Collector","₹39,900","₹43,900",₹
VCLFCTE2XSTSHYRB,https://www.flipkart.com/eureka-forbes-rv201-robotic-floor-cleaner/p/itmfcte2qyhryhbc?pid=VCLFCTE2XSTSHYRB&lid=LSTVCLFCTE2XSTSHYRB5ULPKB&marketplace=FLIPKART&srno=s_2_41&otracker=search&fm=organic&iid=793b1e9b-186e-43fb-bf53-6a1c1ab4276b.VCLFCTE2XSTSHYRB.SEARCH&ssid=i8hioca7fk0000001594354222359&qH=e64a90cec0cf961b,,//img1a.flixcart.com/www/linchpin/fk-cp-zion/img/placeholder_9951d0.svg,,"Robotic Floor Cleaner,Power: 25 W,Cord Length: 1 m","₹21,999",,₹
VCLFJRAGAEDDZ4TG,https://www.flipkart.com/dyson-v11-absolute-pro-cordless-vacuum-cleaner/p/itme01d2d756a7d7?pid=VCLFJRAGAEDDZ4TG&lid=LSTVCLFJRAGAEDDZ4TG5OG3D8&marketplace=FLIPKART&srno=s_2_40&otracker=search&fm=organic&iid=793b1e9b-186e-43fb-bf53-6a1c1ab4276b.VCLFJRAGAEDDZ4TG.SEARCH&ssid=i8hioca7fk0000001594354222359&qH=e64a90cec0cf961b,4.3,//img1a.flixcart.com/www/linchpin/fk-cp-zion/img/placeholder_9951d0.svg,17 Ratings ,"Cordless Vacuum Cleaner,Charging Time: 4.5 hrs,Pet Hair Collector","₹52,900","₹56,600",₹
VCLFMBY6NZMCGNPF,https://www.flipkart.com/easymart-jk-hand-held-vacuum-cleaner/p/itm0e89a3cd8063b?pid=VCLFMBY6NZMCGNPF&lid=LSTVCLFMBY6NZMCGNPFVKHHAP&marketplace=FLIPKART&srno=s_2_38&otracker=search&fm=organic&iid=793b1e9b-186e-43fb-bf53-6a1c1ab4276b.VCLFMBY6NZMCGNPF.SEARCH&ssid=i8hioca7fk0000001594354222359&qH=e64a90cec0cf961b,4.3,//img1a.flixcart.com/www/linchpin/fk-cp-zion/img/placeholder_9951d0.svg,13 Ratings ,"Hand-held Vacuum Cleaner,Power: 1000 W,Cord Length: UP TO 2 m,Blower,Pet Hair Collector","₹1,849","₹1,999",₹
VCLFZYYFMAJGFGVQ,https://www.flipkart.com/tirewell-tw-7006-hand-held-vacuum-cleaner/p/itm7f1d513a36a7c?pid=VCLFZYYFMAJGFGVQ&lid=LSTVCLFZYYFMAJGFGVQVRCMU2&marketplace=FLIPKART&srno=s_2_37&otracker=search&fm=organic&iid=793b1e9b-186e-43fb-bf53-6a1c1ab4276b.VCLFZYYFMAJGFGVQ.SEARCH&ssid=i8hioca7fk0000001594354222359&qH=e64a90cec0cf961b,4.2,//img1a.flixcart.com/www/linchpin/fk-cp-zion/img/placeholder_9951d0.svg,,"Hand-held Vacuum Cleaner,Motor Power: 1100 W | Power: 1100 W,Cord Length: 5 m,Blower","₹2,799","₹4,799",₹
VCLFHRBM9QTTFJYH,https://www.flipkart.com/black-decker-wdbd15-wet-dry-vacuum-cleaner/p/itma534a77325d1f?pid=VCLFHRBM9QTTFJYH&lid=LSTVCLFHRBM9QTTFJYHTBPU2L&marketplace=FLIPKART&srno=s_2_36&otracker=search&fm=organic&iid=793b1e9b-186e-43fb-bf53-6a1c1ab4276b.VCLFHRBM9QTTFJYH.SEARCH&ssid=i8hioca7fk0000001594354222359&qH=e64a90cec0cf961b,,//img1a.flixcart.com/www/linchpin/fk-cp-zion/img/placeholder_9951d0.svg,48 Ratings ,"Wet & Dry Cleaner,Motor Power: 1400 W,Cord Length: 5 m,Wheels,Pet Hair Collector | Retractable Cord","₹6,299","₹11,500",₹
VCLEJFX8V5N4FGMR,https://www.flipkart.com/philips-fc8444-dry-vacuum-cleaner/p/itmejfx8fy6qdzsx?pid=VCLEJFX8V5N4FGMR&lid=LSTVCLEJFX8V5N4FGMRB5BZJN&marketplace=FLIPKART&srno=s_2_35&otracker=search&fm=organic&iid=793b1e9b-186e-43fb-bf53-6a1c1ab4276b.VCLEJFX8V5N4FGMR.SEARCH&ssid=i8hioca7fk0000001594354222359&qH=e64a90cec0cf961b,3.3,//img1a.flixcart.com/www/linchpin/fk-cp-zion/img/placeholder_9951d0.svg,78 Ratings ,"Dry Vacuum Cleaner,Maximum Sound Level: 84 dB,Motor Power: 1600 W | Suction Power: 280 W | Power: 1600 W,Wheels,Pet Hair Collector | Retractable Cord","₹7,999","₹9,490",₹
VCLF7YKZJNDC5ZGU,https://www.flipkart.com/philips-fc8293-hand-held-vacuum-cleaner/p/itmf7ykzgbbcahh4?pid=VCLF7YKZJNDC5ZGU&lid=LSTVCLF7YKZJNDC5ZGUUZ8Q6X&marketplace=FLIPKART&srno=s_2_33&otracker=search&fm=organic&iid=793b1e9b-186e-43fb-bf53-6a1c1ab4276b.VCLF7YKZJNDC5ZGU.SEARCH&ssid=i8hioca7fk0000001594354222359&qH=e64a90cec0cf961b,,//img1a.flixcart.com/www/linchpin/fk-cp-zion/img/placeholder_9951d0.svg,204 Ratings ,"Hand-held Vacuum Cleaner,Maximum Sound Level: 82 dB,Motor Power: 1800 W | Suction Power: 300 W,Cord Length: 6 m,Wheels","₹5,099","₹6,075",₹
VCLF7MUZT3JYXHQA,https://www.flipkart.com/inditradition-quick-clean-1000-watt-powerful-hand-vacuum-cleaner-dry/p/itmf7z26ajn735ve?pid=VCLF7MUZT3JYXHQA&lid=LSTVCLF7MUZT3JYXHQASM3UQX&marketplace=FLIPKART&srno=s_2_31&otracker=search&fm=organic&iid=793b1e9b-186e-43fb-bf53-6a1c1ab4276b.VCLF7MUZT3JYXHQA.SEARCH&ssid=i8hioca7fk0000001594354222359&qH=e64a90cec0cf961b,4.2,//img1a.flixcart.com/www/linchpin/fk-cp-zion/img/placeholder_9951d0.svg,11 Ratings ,Dry Vacuum Cleaner,"₹1,999","₹2,999",₹
VCLFNACTEB9VYB5J,https://www.flipkart.com/inalsa-kardia-cordless-vacuum-cleaner/p/itmb926436b1f5ce?pid=VCLFNACTEB9VYB5J&lid=LSTVCLFNACTEB9VYB5JBFMXWU&marketplace=FLIPKART&srno=s_2_30&otracker=search&fm=organic&iid=793b1e9b-186e-43fb-bf53-6a1c1ab4276b.VCLFNACTEB9VYB5J.SEARCH&ssid=i8hioca7fk0000001594354222359&qH=e64a90cec0cf961b,4.3,//img1a.flixcart.com/www/linchpin/fk-cp-zion/img/placeholder_9951d0.svg,14 Ratings ,"Cordless Vacuum Cleaner,Suction Power: 130 W,Charging Time: 4 hr","₹9,290","₹14,995",₹
VCLD2Y5DKU9ANW6E,https://www.flipkart.com/philips-fc6132-02-dry-vacuum-cleaner/p/itmd2y6zenhxpjfe?pid=VCLD2Y5DKU9ANW6E&lid=LSTVCLD2Y5DKU9ANW6ELD8ARG&marketplace=FLIPKART&srno=s_2_29&otracker=search&fm=organic&iid=793b1e9b-186e-43fb-bf53-6a1c1ab4276b.VCLD2Y5DKU9ANW6E.SEARCH&ssid=i8hioca7fk0000001594354222359&qH=e64a90cec0cf961b,,//img1a.flixcart.com/www/linchpin/fk-cp-zion/img/placeholder_9951d0.svg,187 Ratings ,"Dry Vacuum Cleaner,Maximum Sound Level: 84 dB,Motor Power: 900 W | Suction Power: 150 W,Cord Length: 7 m","₹4,449","₹4,595",₹
VCLFFV8Y8WSBFMZG,https://www.flipkart.com/black-decker-vm2825-b5-dry-vacuum-cleaner/p/itmf2fj6afkfy5zv?pid=VCLFFV8Y8WSBFMZG&lid=LSTVCLFFV8Y8WSBFMZGVEOGE2&marketplace=FLIPKART&srno=s_2_28&otracker=search&fm=organic&iid=793b1e9b-186e-43fb-bf53-6a1c1ab4276b.VCLFFV8Y8WSBFMZG.SEARCH&ssid=i8hioca7fk0000001594354222359&qH=e64a90cec0cf961b,4.3,//img1a.flixcart.com/www/linchpin/fk-cp-zion/img/placeholder_9951d0.svg,31 Ratings ,"Dry Vacuum Cleaner,Motor Power: 2000 W | Power: 2000 W,Cord Length: 5 m,Wheels,Pet Hair Collector | Retractable Cord","₹8,999","₹13,295",₹
VCLEJ3GHSVFWNDTD,https://www.flipkart.com/kent-kc-b502-bed-upholstry-hand-held-vacuum-cleaner/p/itmej3ghgzvkakpg?pid=VCLEJ3GHSVFWNDTD&lid=LSTVCLEJ3GHSVFWNDTD5E61HS&marketplace=FLIPKART&srno=s_2_27&otracker=search&fm=organic&iid=793b1e9b-186e-43fb-bf53-6a1c1ab4276b.VCLEJ3GHSVFWNDTD.SEARCH&ssid=i8hioca7fk0000001594354222359&qH=e64a90cec0cf961b,,//img1a.flixcart.com/www/linchpin/fk-cp-zion/img/placeholder_9951d0.svg,171 Ratings ,"Hand-held Vacuum Cleaner,Maximum Sound Level: 77 dB,Motor Power: 450 W | Suction Power: 450 W | Power: 450 W,Cord Length: 5m m,Pet Hair Collector","₹6,399","₹7,500",₹
VCLF62EM36Z5FDPB,https://www.flipkart.com/t-topline-blowing-sucking-dual-purpose-jk-8-hand-held-vacuum-cleaner/p/itmf62ggcxgvjvga?pid=VCLF62EM36Z5FDPB&lid=LSTVCLF62EM36Z5FDPBMSJ7XD&marketplace=FLIPKART&srno=s_2_26&otracker=search&fm=organic&iid=793b1e9b-186e-43fb-bf53-6a1c1ab4276b.VCLF62EM36Z5FDPB.SEARCH&ssid=i8hioca7fk0000001594354222359&qH=e64a90cec0cf961b,3.4,//img1a.flixcart.com/www/linchpin/fk-cp-zion/img/placeholder_9951d0.svg,110 Ratings ,"Hand-held Vacuum Cleaner,Power: 1000 W,Blower,Pet Hair Collector","₹1,740","₹6,999",₹
VCLD54QRZPFJW8AY,https://www.flipkart.com/panasonic-mc-cg303-dry-vacuum-cleaner/p/itmd54qrqkxtmgau?pid=VCLD54QRZPFJW8AY&lid=LSTVCLD54QRZPFJW8AYZWIMXX&marketplace=FLIPKART&srno=s_2_25&otracker=search&fm=organic&iid=793b1e9b-186e-43fb-bf53-6a1c1ab4276b.VCLD54QRZPFJW8AY.SEARCH&ssid=i8hioca7fk0000001594354222359&qH=e64a90cec0cf961b,4.3,//img1a.flixcart.com/www/linchpin/fk-cp-zion/img/placeholder_9951d0.svg,177 Ratings ,"Dry Vacuum Cleaner,Motor Power: 1400 W,Cord Length: 5 m,Blower","₹6,299","₹6,595",₹
VCLDVW63FHVZNJEX,https://www.flipkart.com/nova-vc-761h-plus-vacuum-cleaner-hand-held/p/itmdvw63zgc7ucwm?pid=VCLDVW63FHVZNJEX&lid=LSTVCLDVW63FHVZNJEXI2K5BA&marketplace=FLIPKART&srno=s_1_23&otracker=search&fm=organic&iid=403dfda6-98f2-42ca-87a9-09c6cfdfa81a.VCLDVW63FHVZNJEX.SEARCH&ssid=kihy5lfilc0000001594354215032&qH=e64a90cec0cf961b,4.4,//img1a.flixcart.com/www/linchpin/fk-cp-zion/img/placeholder_9951d0.svg,"2,324 Ratings ","Hand-held Vacuum Cleaner,Maximum Sound Level: 84 dB,Motor Power: 1000 W | Suction Power: 1000 W | Power: 350 W,Cord Length: 4 m | Charging Time: 4 Hours,Blower","₹2,795","₹3,495",₹
VCLFH3M22GGV4SAT,https://www.flipkart.com/prestige-42656-wet-dry-vacuum-cleaner/p/itm15937dcd1d542?pid=VCLFH3M22GGV4SAT&lid=LSTVCLFH3M22GGV4SAT5NP24B&marketplace=FLIPKART&srno=s_1_21&otracker=search&fm=organic&iid=403dfda6-98f2-42ca-87a9-09c6cfdfa81a.VCLFH3M22GGV4SAT.SEARCH&ssid=kihy5lfilc0000001594354215032&qH=e64a90cec0cf961b,4,//img1a.flixcart.com/www/linchpin/fk-cp-zion/img/placeholder_9951d0.svg,91 Ratings ,"Wet & Dry Cleaner,Blower","₹4,840","₹6,995",₹
VCLF87XF57R7CZFD,https://www.flipkart.com/t-topline-new-household-v-hand-held-vacuum-cleaner/p/itmf88dcjvqfsmba?pid=VCLF87XF57R7CZFD&lid=LSTVCLF87XF57R7CZFD69JA4O&marketplace=FLIPKART&srno=s_1_20&otracker=search&fm=organic&iid=403dfda6-98f2-42ca-87a9-09c6cfdfa81a.VCLF87XF57R7CZFD.SEARCH&ssid=kihy5lfilc0000001594354215032&qH=e64a90cec0cf961b,3.4,//img1a.flixcart.com/www/linchpin/fk-cp-zion/img/placeholder_9951d0.svg,61 Ratings ,"Hand-held Vacuum Cleaner,Power: 1000 W,Blower,Pet Hair Collector","₹1,740","₹5,999",₹
VCLFQV3FFHDRHEUH,https://www.flipkart.com/roidmi-f8-storm-fx-xcq05rm-cordless-vacuum-cleaner/p/itm832922bd2c6d3?pid=VCLFQV3FFHDRHEUH&lid=LSTVCLFQV3FFHDRHEUH9KKGL6&marketplace=FLIPKART&srno=s_1_19&otracker=search&fm=organic&iid=403dfda6-98f2-42ca-87a9-09c6cfdfa81a.VCLFQV3FFHDRHEUH.SEARCH&ssid=kihy5lfilc0000001594354215032&qH=e64a90cec0cf961b,4.3,//img1a.flixcart.com/www/linchpin/fk-cp-zion/img/placeholder_9951d0.svg,9 Ratings ,"Cordless Vacuum Cleaner,Maximum Sound Level: 72 dB,Motor Power: 300 W | Suction Power: 100 AW,Charging Time: 2.5 hrs,Pet Hair Collector","₹22,999","₹27,000",₹
VCLFMG7ZSMWF3DR5,https://www.flipkart.com/kent-16057-hand-held-vacuum-cleaner/p/itmc8ce427246fc0?pid=VCLFMG7ZSMWF3DR5&lid=LSTVCLFMG7ZSMWF3DR5F5RLC5&marketplace=FLIPKART&srno=s_1_18&otracker=search&fm=organic&iid=403dfda6-98f2-42ca-87a9-09c6cfdfa81a.VCLFMG7ZSMWF3DR5.SEARCH&ssid=kihy5lfilc0000001594354215032&qH=e64a90cec0cf961b,4.3,//img1a.flixcart.com/www/linchpin/fk-cp-zion/img/placeholder_9951d0.svg,71 Ratings ,"Hand-held Vacuum Cleaner,Maximum Sound Level: 85 dB,Motor Power: 82.1 W | Power: 45 W,Charging Time: 5 - 8 hrs","₹2,299","₹3,000",₹
VCLFFWGS9ZQEGS6D,https://www.flipkart.com/inalsa-easy-clean-dry-vacuum-cleaner/p/itmffwgsvuz6fhjh?pid=VCLFFWGS9ZQEGS6D&lid=LSTVCLFFWGS9ZQEGS6DOBGMAJ&marketplace=FLIPKART&srno=s_1_10&otracker=search&fm=organic&iid=403dfda6-98f2-42ca-87a9-09c6cfdfa81a.VCLFFWGS9ZQEGS6D.SEARCH&ssid=kihy5lfilc0000001594354215032&qH=e64a90cec0cf961b,4.5,//img1a.flixcart.com/www/linchpin/fk-cp-zion/img/placeholder_9951d0.svg,442 Ratings ,"Dry Vacuum Cleaner,Maximum Sound Level: 78 dB,Motor Power: 1200 W | Suction Power: 150 W | Power: 1200 W,Cord Length: 4 m,Wheels | Blower,Retractable Cord","₹2,995","₹4,595",₹
